
  {
    

  "keywords": ["presentation", "ecommerce", "online store", "shopify", "strategy", "sales"],
  "title": ["E-commerce Strategy Presentation"],
  "description": ["Outline your strategy to grow an online business"],
  "icon": "🛒",
  "questions": [
    "What product(s) or niche does your store focus on?",
    "What sales channels are being used (website, Amazon, etc.)?",
    "What are your current pain points or opportunities?",
    "Do you want to highlight past sales performance?",
    "Is this strategy aimed at internal teams or investors?"
  ]
}
