[
  {
    "keywords": ["presentation", "marketing", "strategy", "campaign", "branding", "ads"],
    "title": ["Marketing Strategy Presentation"],
    "description": ["Create a focused marketing strategy presentation"],
    "icon": "📣",
    "questions": [
      "What product or service are you promoting?",
      "Who is your target audience or buyer persona?",
      "What are the main marketing channels you're using?",
      "Are you showcasing past campaign results or a new plan?",
      "What’s the goal of this presentation (approval, strategy, review)?"
    ]
  }
]